{"cameraMode":{"drawMode":0,"name":"Shaded","section":"Shading Mode"},"sceneLighting":true,"audioPlay":false,"sceneViewState":{"showFog":false,"showMaterialUpdate":false,"showSkybox":false,"showFlares":false,"showImageEffects":false,"showParticleSystems":true},"in2DMode":false,"pivot":{"x":0.14588326215744019,"y":0.3373499810695648,"z":-1.2605167627334595},"rotation":{"x":-0.020030152052640916,"y":0.9746493101119995,"z":-0.20042508840560914,"w":-0.09740353375673294},"size":9.035781860351563,"orthographic":false}