{"cameraMode":{"drawMode":0,"name":"Shaded","section":"Shading Mode"},"sceneLighting":true,"audioPlay":false,"sceneViewState":{"showFog":false,"showMaterialUpdate":false,"showSkybox":false,"showFlares":false,"showImageEffects":false,"showParticleSystems":true},"in2DMode":false,"pivot":{"x":-4.451865196228027,"y":-1.2373147010803223,"z":0.7831730842590332},"rotation":{"x":0.03541064262390137,"y":-0.9053610563278198,"z":0.07704852521419525,"w":0.4160902500152588},"size":15.033318519592286,"orthographic":true}